locality,decimalLatitude,decimalLongitude
ElfinCove,58.1944,-136.3433
Bamfield,48.8333,-125.1428
PortRenfrew,48.553,-124.4223
Walk-On Beach,38.731386,-123.489816
Bodega Head,38.304079,-123.053742
Davenport Landing,37.010501,-122.199563
Vista Del Mar,35.604713,-121.143064
Hazard Reef,35.289806,-120.883968
Refugio Beach,34.460525,-120.074125
Carpinteria,34.387257,-119.513572
White Point,33.716127,-118.319394
La Jolla Tidepools,32.847464,-117.277691
