locality,decimalLatitude,decimalLongitude
ElfinCove,58.1944,-136.3433
VancouverIsland,49.6506,-125.4494
Bamfield,48.8333,-125.1428
PortRenfrew,48.553,-124.4223
Bodega Head,38.311,-123.0661
Davenport Landing,37.0135,-122.1967
Hazard Reef,35.29,-120.8838
Refugio Beach,34.462763,-120.069151
Carpinteria,34.3989,-119.5185
Vista Del Mar,33.8189,-118.1987
White Point,33.7147,-118.3142
La Jolla,32.8328,-117.2713
Walk on Beach,25.9859,-80.1228
